[{"model": "admin.logentry", "pk": 1, "fields": {"action_time": "2020-11-08T14:44:31.365Z", "user": 1, "content_type": 7, "object_id": "1", "object_repr": "heavenlyherbcompany.com", "action_flag": 2, "change_message": "[{\"changed\": {\"fields\": [\"Domain name\", \"Display name\"]}}]"}}, {"model": "admin.logentry", "pk": 2, "fields": {"action_time": "2020-11-08T15:05:16.620Z", "user": 1, "content_type": 8, "object_id": "1", "object_repr": "hughwiliampadmore@gmail.com", "action_flag": 1, "change_message": "[{\"added\": {}}]"}}, {"model": "admin.logentry", "pk": 3, "fields": {"action_time": "2020-11-10T18:23:17.593Z", "user": 1, "content_type": 13, "object_id": "1", "object_repr": "hedgrow-syrups", "action_flag": 1, "change_message": "[{\"added\": {}}]"}}, {"model": "admin.logentry", "pk": 4, "fields": {"action_time": "2020-11-10T18:24:02.383Z", "user": 1, "content_type": 13, "object_id": "2", "object_repr": "natural-fragrances", "action_flag": 1, "change_message": "[{\"added\": {}}]"}}, {"model": "admin.logentry", "pk": 5, "fields": {"action_time": "2020-11-10T18:24:59.466Z", "user": 1, "content_type": 13, "object_id": "3", "object_repr": "creams-and-ointments", "action_flag": 1, "change_message": "[{\"added\": {}}]"}}, {"model": "admin.logentry", "pk": 6, "fields": {"action_time": "2020-11-10T18:25:13.743Z", "user": 1, "content_type": 13, "object_id": "4", "object_repr": "herbal-teas", "action_flag": 1, "change_message": "[{\"added\": {}}]"}}, {"model": "admin.logentry", "pk": 7, "fields": {"action_time": "2020-11-10T18:26:04.144Z", "user": 1, "content_type": 13, "object_id": "5", "object_repr": "tinctures-powders-pastes", "action_flag": 1, "change_message": "[{\"added\": {}}]"}}, {"model": "admin.logentry", "pk": 8, "fields": {"action_time": "2020-11-10T18:47:18.663Z", "user": 1, "content_type": 14, "object_id": "1", "object_repr": "Rosehip Syrup 200ml", "action_flag": 1, "change_message": "[{\"added\": {}}]"}}, {"model": "admin.logentry", "pk": 9, "fields": {"action_time": "2020-11-10T18:49:13.728Z", "user": 1, "content_type": 14, "object_id": "2", "object_repr": "Rosehip Syrup 200ml", "action_flag": 1, "change_message": "[{\"added\": {}}]"}}, {"model": "admin.logentry", "pk": 10, "fields": {"action_time": "2020-11-10T18:49:51.956Z", "user": 1, "content_type": 14, "object_id": "1", "object_repr": "Rosehip Syrup 200ml", "action_flag": 3, "change_message": ""}}, {"model": "admin.logentry", "pk": 11, "fields": {"action_time": "2020-11-10T19:10:21.149Z", "user": 1, "content_type": 14, "object_id": "3", "object_repr": "Elderberry Syrup 200ml", "action_flag": 1, "change_message": "[{\"added\": {}}]"}}, {"model": "admin.logentry", "pk": 12, "fields": {"action_time": "2020-11-11T11:34:58.776Z", "user": 1, "content_type": 14, "object_id": "2", "object_repr": "Rosehip Syrup 200ml", "action_flag": 3, "change_message": ""}}, {"model": "admin.logentry", "pk": 13, "fields": {"action_time": "2020-11-11T11:37:10.975Z", "user": 1, "content_type": 14, "object_id": "4", "object_repr": "Rosehip Syrup 200ml", "action_flag": 1, "change_message": "[{\"added\": {}}]"}}, {"model": "admin.logentry", "pk": 14, "fields": {"action_time": "2020-11-11T12:07:02.220Z", "user": 1, "content_type": 14, "object_id": "4", "object_repr": "Rosehip Syrup 200ml", "action_flag": 3, "change_message": ""}}, {"model": "admin.logentry", "pk": 15, "fields": {"action_time": "2020-11-11T12:07:02.256Z", "user": 1, "content_type": 14, "object_id": "3", "object_repr": "Elderberry Syrup 200ml", "action_flag": 3, "change_message": ""}}, {"model": "admin.logentry", "pk": 16, "fields": {"action_time": "2020-11-11T12:11:02.776Z", "user": 1, "content_type": 14, "object_id": "5", "object_repr": "Amber Patchouli and Lavender Fragrance 50ml", "action_flag": 1, "change_message": "[{\"added\": {}}]"}}, {"model": "admin.logentry", "pk": 17, "fields": {"action_time": "2020-11-11T12:13:39.428Z", "user": 1, "content_type": 14, "object_id": "6", "object_repr": "Rosehip Syrup 200ml", "action_flag": 1, "change_message": "[{\"added\": {}}]"}}, {"model": "admin.logentry", "pk": 18, "fields": {"action_time": "2020-11-11T12:15:26.607Z", "user": 1, "content_type": 14, "object_id": "7", "object_repr": "Elderberry Syrup 200ml", "action_flag": 1, "change_message": "[{\"added\": {}}]"}}, {"model": "admin.logentry", "pk": 19, "fields": {"action_time": "2020-11-11T12:18:44.179Z", "user": 1, "content_type": 14, "object_id": "8", "object_repr": "Muscle and Joint Cream 60ml", "action_flag": 1, "change_message": "[{\"added\": {}}]"}}, {"model": "admin.logentry", "pk": 20, "fields": {"action_time": "2020-11-11T12:22:48.202Z", "user": 1, "content_type": 14, "object_id": "9", "object_repr": "Midge and Mosquito Repellent 60ml", "action_flag": 1, "change_message": "[{\"added\": {}}]"}}, {"model": "admin.logentry", "pk": 21, "fields": {"action_time": "2020-11-11T12:26:13.543Z", "user": 1, "content_type": 14, "object_id": "10", "object_repr": "Neroli Face and Body Cream 60ml", "action_flag": 1, "change_message": "[{\"added\": {}}]"}}, {"model": "admin.logentry", "pk": 22, "fields": {"action_time": "2020-11-11T12:42:03.428Z", "user": 1, "content_type": 14, "object_id": "11", "object_repr": "Frankincense Face Cream 60ml", "action_flag": 1, "change_message": "[{\"added\": {}}]"}}, {"model": "admin.logentry", "pk": 23, "fields": {"action_time": "2020-11-11T12:43:55.999Z", "user": 1, "content_type": 14, "object_id": "12", "object_repr": "Herbal Balm 60ml", "action_flag": 1, "change_message": "[{\"added\": {}}]"}}, {"model": "admin.logentry", "pk": 24, "fields": {"action_time": "2020-11-11T12:46:11.185Z", "user": 1, "content_type": 14, "object_id": "13", "object_repr": "Clarity Blend 50g", "action_flag": 1, "change_message": "[{\"added\": {}}]"}}, {"model": "admin.logentry", "pk": 25, "fields": {"action_time": "2020-11-11T12:48:12.946Z", "user": 1, "content_type": 14, "object_id": "14", "object_repr": "Serenity Blend 50g", "action_flag": 1, "change_message": "[{\"added\": {}}]"}}, {"model": "admin.logentry", "pk": 26, "fields": {"action_time": "2020-11-11T12:49:57.908Z", "user": 1, "content_type": 14, "object_id": "15", "object_repr": "Digestive Blend 50g", "action_flag": 1, "change_message": "[{\"added\": {}}]"}}, {"model": "admin.logentry", "pk": 27, "fields": {"action_time": "2020-11-11T12:53:13.526Z", "user": 1, "content_type": 14, "object_id": "16", "object_repr": "Valerian Tincture 50 ml", "action_flag": 1, "change_message": "[{\"added\": {}}]"}}, {"model": "admin.logentry", "pk": 28, "fields": {"action_time": "2020-11-11T13:15:18.891Z", "user": 1, "content_type": 14, "object_id": "17", "object_repr": "Chest Tincture 50ml", "action_flag": 1, "change_message": "[{\"added\": {}}]"}}, {"model": "admin.logentry", "pk": 29, "fields": {"action_time": "2020-11-11T13:17:18.748Z", "user": 1, "content_type": 14, "object_id": "18", "object_repr": "Echinacea Tincture 50ml", "action_flag": 1, "change_message": "[{\"added\": {}}]"}}, {"model": "admin.logentry", "pk": 30, "fields": {"action_time": "2020-11-11T13:19:50.107Z", "user": 1, "content_type": 14, "object_id": "19", "object_repr": "Slippery Elm Powder 50g", "action_flag": 1, "change_message": "[{\"added\": {}}]"}}, {"model": "admin.logentry", "pk": 31, "fields": {"action_time": "2020-11-11T13:21:55.674Z", "user": 1, "content_type": 14, "object_id": "20", "object_repr": "Golden Paste 190ml", "action_flag": 1, "change_message": "[{\"added\": {}}]"}}, {"model": "admin.logentry", "pk": 32, "fields": {"action_time": "2020-11-23T17:04:05.440Z", "user": 1, "content_type": 15, "object_id": "1", "object_repr": "A73247530A184FFC884FB044CC5DF1F8", "action_flag": 3, "change_message": ""}}, {"model": "admin.logentry", "pk": 33, "fields": {"action_time": "2020-11-23T17:04:54.986Z", "user": 1, "content_type": 15, "object_id": "2", "object_repr": "FE4B39C265004DD681E31281DFED259B", "action_flag": 2, "change_message": "[{\"changed\": {\"name\": \"order line item\", \"object\": \"SKU HT-DB50 on order FE4B39C265004DD681E31281DFED259B\", \"fields\": [\"Quantity\"]}}]"}}, {"model": "admin.logentry", "pk": 34, "fields": {"action_time": "2020-11-23T17:05:12.947Z", "user": 1, "content_type": 15, "object_id": "2", "object_repr": "FE4B39C265004DD681E31281DFED259B", "action_flag": 2, "change_message": "[{\"changed\": {\"name\": \"order line item\", \"object\": \"SKU NF-APLF50 on order FE4B39C265004DD681E31281DFED259B\", \"fields\": [\"Quantity\"]}}]"}}, {"model": "admin.logentry", "pk": 35, "fields": {"action_time": "2020-12-30T17:18:08.200Z", "user": 1, "content_type": 8, "object_id": "3", "object_repr": "hughwiliampadmore@hotmail.co.uk", "action_flag": 2, "change_message": "[{\"changed\": {\"fields\": [\"Verified\"]}}]"}}, {"model": "admin.logentry", "pk": 36, "fields": {"action_time": "2021-01-06T18:01:19.286Z", "user": 1, "content_type": 14, "object_id": "21", "object_repr": "test", "action_flag": 3, "change_message": ""}}, {"model": "admin.logentry", "pk": 37, "fields": {"action_time": "2021-01-06T18:29:00.409Z", "user": 1, "content_type": 14, "object_id": "22", "object_repr": "test", "action_flag": 3, "change_message": ""}}, {"model": "admin.logentry", "pk": 38, "fields": {"action_time": "2021-01-09T16:07:58.917Z", "user": 1, "content_type": 18, "object_id": "1", "object_repr": "testt", "action_flag": 1, "change_message": "[{\"added\": {}}]"}}, {"model": "admin.logentry", "pk": 39, "fields": {"action_time": "2021-01-09T17:30:11.148Z", "user": 1, "content_type": 18, "object_id": "1", "object_repr": "testt", "action_flag": 3, "change_message": ""}}, {"model": "admin.logentry", "pk": 40, "fields": {"action_time": "2021-01-09T17:32:54.890Z", "user": 1, "content_type": 18, "object_id": "1", "object_repr": "test", "action_flag": 1, "change_message": "[{\"added\": {}}]"}}, {"model": "admin.logentry", "pk": 41, "fields": {"action_time": "2021-01-09T17:34:34.507Z", "user": 1, "content_type": 18, "object_id": "1", "object_repr": "test", "action_flag": 3, "change_message": ""}}, {"model": "admin.logentry", "pk": 42, "fields": {"action_time": "2021-01-09T17:34:46.201Z", "user": 1, "content_type": 18, "object_id": "2", "object_repr": "test", "action_flag": 1, "change_message": "[{\"added\": {}}]"}}, {"model": "admin.logentry", "pk": 43, "fields": {"action_time": "2021-01-12T15:27:53.316Z", "user": 1, "content_type": 18, "object_id": "7", "object_repr": "should", "action_flag": 3, "change_message": ""}}, {"model": "admin.logentry", "pk": 44, "fields": {"action_time": "2021-01-12T15:27:53.365Z", "user": 1, "content_type": 18, "object_id": "6", "object_repr": "heres a", "action_flag": 3, "change_message": ""}}, {"model": "admin.logentry", "pk": 45, "fields": {"action_time": "2021-01-12T15:27:53.407Z", "user": 1, "content_type": 18, "object_id": "5", "object_repr": "does", "action_flag": 3, "change_message": ""}}, {"model": "admin.logentry", "pk": 46, "fields": {"action_time": "2021-01-12T15:27:53.450Z", "user": 1, "content_type": 18, "object_id": "4", "object_repr": "does", "action_flag": 3, "change_message": ""}}, {"model": "admin.logentry", "pk": 47, "fields": {"action_time": "2021-01-12T15:27:53.491Z", "user": 1, "content_type": 18, "object_id": "3", "object_repr": "please", "action_flag": 3, "change_message": ""}}, {"model": "admin.logentry", "pk": 48, "fields": {"action_time": "2021-01-12T15:27:53.536Z", "user": 1, "content_type": 18, "object_id": "2", "object_repr": "test", "action_flag": 3, "change_message": ""}}, {"model": "admin.logentry", "pk": 49, "fields": {"action_time": "2021-01-15T15:49:07.816Z", "user": 1, "content_type": 18, "object_id": "10", "object_repr": "need", "action_flag": 3, "change_message": ""}}, {"model": "admin.logentry", "pk": 50, "fields": {"action_time": "2021-01-15T17:59:47.600Z", "user": 1, "content_type": 18, "object_id": "9", "object_repr": "ADS", "action_flag": 3, "change_message": ""}}, {"model": "admin.logentry", "pk": 51, "fields": {"action_time": "2021-02-18T18:41:54.976Z", "user": 1, "content_type": 15, "object_id": "85", "object_repr": "05FBB245C8974C5D96D1BCE7233F31C7", "action_flag": 3, "change_message": ""}}, {"model": "admin.logentry", "pk": 52, "fields": {"action_time": "2021-02-18T18:41:55.003Z", "user": 1, "content_type": 15, "object_id": "84", "object_repr": "857C2F6439E047679F1C76BB1BB60ED0", "action_flag": 3, "change_message": ""}}, {"model": "admin.logentry", "pk": 53, "fields": {"action_time": "2021-02-18T18:41:55.025Z", "user": 1, "content_type": 15, "object_id": "83", "object_repr": "C9884076CABB4B278F91F91B76BC2421", "action_flag": 3, "change_message": ""}}, {"model": "admin.logentry", "pk": 54, "fields": {"action_time": "2021-02-18T18:41:55.046Z", "user": 1, "content_type": 15, "object_id": "82", "object_repr": "8517E6CAAACE4E47AEA783C08A73D966", "action_flag": 3, "change_message": ""}}, {"model": "admin.logentry", "pk": 55, "fields": {"action_time": "2021-02-18T18:41:55.073Z", "user": 1, "content_type": 15, "object_id": "81", "object_repr": "FBD8AA734BAD415DB7F00E4C466E3202", "action_flag": 3, "change_message": ""}}, {"model": "admin.logentry", "pk": 56, "fields": {"action_time": "2021-02-18T18:41:55.101Z", "user": 1, "content_type": 15, "object_id": "80", "object_repr": "0AE5697041C04F5D84D73AB73A3417C6", "action_flag": 3, "change_message": ""}}, {"model": "admin.logentry", "pk": 57, "fields": {"action_time": "2021-02-18T18:41:55.128Z", "user": 1, "content_type": 15, "object_id": "79", "object_repr": "2A5603AA9FA84457AB0227E147A5FD1E", "action_flag": 3, "change_message": ""}}, {"model": "admin.logentry", "pk": 58, "fields": {"action_time": "2021-02-18T18:41:55.150Z", "user": 1, "content_type": 15, "object_id": "78", "object_repr": "B857C60B139A4F81A1164CCABCC19FBE", "action_flag": 3, "change_message": ""}}, {"model": "admin.logentry", "pk": 59, "fields": {"action_time": "2021-02-18T18:41:55.176Z", "user": 1, "content_type": 15, "object_id": "77", "object_repr": "AB1FC96CD5154424BE884BBCA7454CB9", "action_flag": 3, "change_message": ""}}, {"model": "admin.logentry", "pk": 60, "fields": {"action_time": "2021-02-18T18:41:55.201Z", "user": 1, "content_type": 15, "object_id": "76", "object_repr": "FC35FE2052C64FC8A2EEADD5A027C591", "action_flag": 3, "change_message": ""}}, {"model": "admin.logentry", "pk": 61, "fields": {"action_time": "2021-02-18T18:41:55.223Z", "user": 1, "content_type": 15, "object_id": "75", "object_repr": "9081836558214CC496EC1E7F161DC74F", "action_flag": 3, "change_message": ""}}, {"model": "admin.logentry", "pk": 62, "fields": {"action_time": "2021-02-18T18:41:55.243Z", "user": 1, "content_type": 15, "object_id": "74", "object_repr": "A27D743D86694A69A16F5DC6BD142441", "action_flag": 3, "change_message": ""}}, {"model": "admin.logentry", "pk": 63, "fields": {"action_time": "2021-02-18T18:41:55.265Z", "user": 1, "content_type": 15, "object_id": "73", "object_repr": "CD8EEC7E245C4D52B960CEA489C86907", "action_flag": 3, "change_message": ""}}, {"model": "admin.logentry", "pk": 64, "fields": {"action_time": "2021-02-18T18:41:55.286Z", "user": 1, "content_type": 15, "object_id": "72", "object_repr": "D105C69CC89D4F92864C4F2AD5BE327F", "action_flag": 3, "change_message": ""}}, {"model": "admin.logentry", "pk": 65, "fields": {"action_time": "2021-02-18T18:41:55.307Z", "user": 1, "content_type": 15, "object_id": "71", "object_repr": "FC1794FDD8A44F97A739F1C16025148E", "action_flag": 3, "change_message": ""}}, {"model": "admin.logentry", "pk": 66, "fields": {"action_time": "2021-02-18T18:41:55.328Z", "user": 1, "content_type": 15, "object_id": "70", "object_repr": "3D6EF009012844F3ADFA9106303D6D3B", "action_flag": 3, "change_message": ""}}, {"model": "admin.logentry", "pk": 67, "fields": {"action_time": "2021-02-18T18:41:55.350Z", "user": 1, "content_type": 15, "object_id": "69", "object_repr": "B3E48D14197843E29D8072554E12E170", "action_flag": 3, "change_message": ""}}, {"model": "admin.logentry", "pk": 68, "fields": {"action_time": "2021-02-18T18:41:55.374Z", "user": 1, "content_type": 15, "object_id": "68", "object_repr": "D5A9D8D401584CB6AE629D899EA6B6B5", "action_flag": 3, "change_message": ""}}, {"model": "admin.logentry", "pk": 69, "fields": {"action_time": "2021-02-18T18:41:55.395Z", "user": 1, "content_type": 15, "object_id": "67", "object_repr": "340355433F1145BFAC0B78136E210669", "action_flag": 3, "change_message": ""}}, {"model": "admin.logentry", "pk": 70, "fields": {"action_time": "2021-02-18T18:41:55.417Z", "user": 1, "content_type": 15, "object_id": "66", "object_repr": "3C46C808902D4DBE815DF6BBA4E241A2", "action_flag": 3, "change_message": ""}}, {"model": "admin.logentry", "pk": 71, "fields": {"action_time": "2021-02-18T18:41:55.438Z", "user": 1, "content_type": 15, "object_id": "65", "object_repr": "BFB869C026D84E9E94F4F159A86371FE", "action_flag": 3, "change_message": ""}}, {"model": "admin.logentry", "pk": 72, "fields": {"action_time": "2021-02-18T18:41:55.459Z", "user": 1, "content_type": 15, "object_id": "64", "object_repr": "4A9762B54D1748D88EF0AC730044EB4B", "action_flag": 3, "change_message": ""}}, {"model": "admin.logentry", "pk": 73, "fields": {"action_time": "2021-02-18T18:41:55.480Z", "user": 1, "content_type": 15, "object_id": "63", "object_repr": "B5BFDE0DF24F451C94E195BB01198E0F", "action_flag": 3, "change_message": ""}}, {"model": "admin.logentry", "pk": 74, "fields": {"action_time": "2021-02-18T18:41:55.501Z", "user": 1, "content_type": 15, "object_id": "62", "object_repr": "DDBDFD4411D74B87B8C4DF311A2B1454", "action_flag": 3, "change_message": ""}}, {"model": "admin.logentry", "pk": 75, "fields": {"action_time": "2021-02-18T18:41:55.522Z", "user": 1, "content_type": 15, "object_id": "60", "object_repr": "53C07704834744778A1BE0D45DFDD37D", "action_flag": 3, "change_message": ""}}, {"model": "admin.logentry", "pk": 76, "fields": {"action_time": "2021-02-18T18:41:55.542Z", "user": 1, "content_type": 15, "object_id": "59", "object_repr": "F1880AE00FC6483AAC48485A4542061F", "action_flag": 3, "change_message": ""}}, {"model": "admin.logentry", "pk": 77, "fields": {"action_time": "2021-02-18T18:41:55.563Z", "user": 1, "content_type": 15, "object_id": "58", "object_repr": "51B4345F5C504E5191024D3D6E259F58", "action_flag": 3, "change_message": ""}}, {"model": "admin.logentry", "pk": 78, "fields": {"action_time": "2021-02-18T18:41:55.584Z", "user": 1, "content_type": 15, "object_id": "57", "object_repr": "000AD6181C2C4583B1BBA90573633584", "action_flag": 3, "change_message": ""}}, {"model": "admin.logentry", "pk": 79, "fields": {"action_time": "2021-02-18T18:41:55.605Z", "user": 1, "content_type": 15, "object_id": "56", "object_repr": "B6931F73356A41FC937184CB5305E7DA", "action_flag": 3, "change_message": ""}}, {"model": "admin.logentry", "pk": 80, "fields": {"action_time": "2021-02-18T18:41:55.626Z", "user": 1, "content_type": 15, "object_id": "55", "object_repr": "72AB4061AC26405681EB1FE955BB173A", "action_flag": 3, "change_message": ""}}, {"model": "admin.logentry", "pk": 81, "fields": {"action_time": "2021-02-18T18:41:55.647Z", "user": 1, "content_type": 15, "object_id": "54", "object_repr": "AF5341B157FA467AAC6458A2C5EA35F7", "action_flag": 3, "change_message": ""}}, {"model": "admin.logentry", "pk": 82, "fields": {"action_time": "2021-02-18T18:41:55.667Z", "user": 1, "content_type": 15, "object_id": "53", "object_repr": "89A9067E60084633BAAFFEB8D82EA3AE", "action_flag": 3, "change_message": ""}}, {"model": "admin.logentry", "pk": 83, "fields": {"action_time": "2021-02-18T18:41:55.688Z", "user": 1, "content_type": 15, "object_id": "52", "object_repr": "4F5EC608847D43368BD94BF4C6F295BB", "action_flag": 3, "change_message": ""}}, {"model": "admin.logentry", "pk": 84, "fields": {"action_time": "2021-02-18T18:41:55.710Z", "user": 1, "content_type": 15, "object_id": "51", "object_repr": "A3E3619119044724A5DA0C4C62B218F4", "action_flag": 3, "change_message": ""}}, {"model": "admin.logentry", "pk": 85, "fields": {"action_time": "2021-02-18T18:41:55.731Z", "user": 1, "content_type": 15, "object_id": "50", "object_repr": "49BD8355A0E84E4FB41C60EA6BC376D1", "action_flag": 3, "change_message": ""}}, {"model": "admin.logentry", "pk": 86, "fields": {"action_time": "2021-02-18T18:41:55.752Z", "user": 1, "content_type": 15, "object_id": "49", "object_repr": "AB4A835DFA20407AB90C890E05F2ED99", "action_flag": 3, "change_message": ""}}, {"model": "admin.logentry", "pk": 87, "fields": {"action_time": "2021-02-18T18:41:55.773Z", "user": 1, "content_type": 15, "object_id": "48", "object_repr": "2B982108FF584C72B93EA5670D4A3387", "action_flag": 3, "change_message": ""}}, {"model": "admin.logentry", "pk": 88, "fields": {"action_time": "2021-02-18T18:41:55.794Z", "user": 1, "content_type": 15, "object_id": "47", "object_repr": "C29EF23D66C346588D5CC67FA4BE1A90", "action_flag": 3, "change_message": ""}}, {"model": "admin.logentry", "pk": 89, "fields": {"action_time": "2021-02-18T18:41:55.815Z", "user": 1, "content_type": 15, "object_id": "46", "object_repr": "EFBABC092DB941498ED2C1C48021DD0B", "action_flag": 3, "change_message": ""}}, {"model": "admin.logentry", "pk": 90, "fields": {"action_time": "2021-02-18T18:41:55.837Z", "user": 1, "content_type": 15, "object_id": "45", "object_repr": "46DB9D8340A24583BD21EFB430704EE5", "action_flag": 3, "change_message": ""}}, {"model": "admin.logentry", "pk": 91, "fields": {"action_time": "2021-02-18T18:41:55.858Z", "user": 1, "content_type": 15, "object_id": "44", "object_repr": "66B35E2D40EE483B8F9BBFE9A5EA4701", "action_flag": 3, "change_message": ""}}, {"model": "admin.logentry", "pk": 92, "fields": {"action_time": "2021-02-18T18:41:55.879Z", "user": 1, "content_type": 15, "object_id": "43", "object_repr": "BA3840B13DEC43BC973D8556D9929D50", "action_flag": 3, "change_message": ""}}, {"model": "admin.logentry", "pk": 93, "fields": {"action_time": "2021-02-18T18:41:55.899Z", "user": 1, "content_type": 15, "object_id": "42", "object_repr": "2650C4B456334EBF92AF6CE812B76FFA", "action_flag": 3, "change_message": ""}}, {"model": "admin.logentry", "pk": 94, "fields": {"action_time": "2021-02-18T18:41:55.919Z", "user": 1, "content_type": 15, "object_id": "41", "object_repr": "FD5341E2B6AB476CAE0B6C9DCB1BD8EC", "action_flag": 3, "change_message": ""}}, {"model": "admin.logentry", "pk": 95, "fields": {"action_time": "2021-02-18T18:41:55.940Z", "user": 1, "content_type": 15, "object_id": "40", "object_repr": "BBB0941D42C04A998588EC15329017DF", "action_flag": 3, "change_message": ""}}, {"model": "admin.logentry", "pk": 96, "fields": {"action_time": "2021-02-18T18:41:55.961Z", "user": 1, "content_type": 15, "object_id": "39", "object_repr": "581D250C5D644110AC37097D5E1C904A", "action_flag": 3, "change_message": ""}}, {"model": "admin.logentry", "pk": 97, "fields": {"action_time": "2021-02-18T18:41:55.982Z", "user": 1, "content_type": 15, "object_id": "38", "object_repr": "E6038E4D3D2C4DD787B4305879BA92E5", "action_flag": 3, "change_message": ""}}, {"model": "admin.logentry", "pk": 98, "fields": {"action_time": "2021-02-18T18:41:56.002Z", "user": 1, "content_type": 15, "object_id": "37", "object_repr": "3A7D4497A91344F38B1319966E0BE4D8", "action_flag": 3, "change_message": ""}}, {"model": "admin.logentry", "pk": 99, "fields": {"action_time": "2021-02-18T18:41:56.023Z", "user": 1, "content_type": 15, "object_id": "36", "object_repr": "FD9E21DEB4504AE7B465A8859C4CA1BA", "action_flag": 3, "change_message": ""}}, {"model": "admin.logentry", "pk": 100, "fields": {"action_time": "2021-02-18T18:41:56.043Z", "user": 1, "content_type": 15, "object_id": "35", "object_repr": "5595F584F35346799ED908E15439FC62", "action_flag": 3, "change_message": ""}}, {"model": "admin.logentry", "pk": 101, "fields": {"action_time": "2021-02-18T18:41:56.065Z", "user": 1, "content_type": 15, "object_id": "34", "object_repr": "86A2907BE1724D4DBBD250937641E5AD", "action_flag": 3, "change_message": ""}}, {"model": "admin.logentry", "pk": 102, "fields": {"action_time": "2021-02-18T18:41:56.086Z", "user": 1, "content_type": 15, "object_id": "33", "object_repr": "92A1D04EA3C54205B5DA7C4CFB59AFA6", "action_flag": 3, "change_message": ""}}, {"model": "admin.logentry", "pk": 103, "fields": {"action_time": "2021-02-18T18:41:56.107Z", "user": 1, "content_type": 15, "object_id": "32", "object_repr": "8B89A6BD8BAF4521975A92EF950E21FF", "action_flag": 3, "change_message": ""}}, {"model": "admin.logentry", "pk": 104, "fields": {"action_time": "2021-02-18T18:41:56.127Z", "user": 1, "content_type": 15, "object_id": "31", "object_repr": "31A93CF361F74BF9BA13202A709035AB", "action_flag": 3, "change_message": ""}}, {"model": "admin.logentry", "pk": 105, "fields": {"action_time": "2021-02-18T18:41:56.148Z", "user": 1, "content_type": 15, "object_id": "30", "object_repr": "CD6312B3CC1E4CB7A9C2574B43815697", "action_flag": 3, "change_message": ""}}, {"model": "admin.logentry", "pk": 106, "fields": {"action_time": "2021-02-18T18:41:56.175Z", "user": 1, "content_type": 15, "object_id": "29", "object_repr": "5592ACC7EB334F3E90690EAD4008C447", "action_flag": 3, "change_message": ""}}, {"model": "admin.logentry", "pk": 107, "fields": {"action_time": "2021-02-18T18:41:56.196Z", "user": 1, "content_type": 15, "object_id": "28", "object_repr": "14E042A956054EF0B7D929A3427CEF52", "action_flag": 3, "change_message": ""}}, {"model": "admin.logentry", "pk": 108, "fields": {"action_time": "2021-02-18T18:41:56.218Z", "user": 1, "content_type": 15, "object_id": "27", "object_repr": "44E0343A56EC4BB59A9083C4E4F55ED9", "action_flag": 3, "change_message": ""}}, {"model": "admin.logentry", "pk": 109, "fields": {"action_time": "2021-02-18T18:41:56.240Z", "user": 1, "content_type": 15, "object_id": "26", "object_repr": "B0EE1416C5454C8BAB77AD57A0E48398", "action_flag": 3, "change_message": ""}}, {"model": "admin.logentry", "pk": 110, "fields": {"action_time": "2021-02-18T18:41:56.270Z", "user": 1, "content_type": 15, "object_id": "25", "object_repr": "CE62489938A64568846B563EBD1641E4", "action_flag": 3, "change_message": ""}}, {"model": "admin.logentry", "pk": 111, "fields": {"action_time": "2021-02-18T18:41:56.291Z", "user": 1, "content_type": 15, "object_id": "24", "object_repr": "AFF7279D6DDA46EF9CBAEF196305C26E", "action_flag": 3, "change_message": ""}}, {"model": "admin.logentry", "pk": 112, "fields": {"action_time": "2021-02-18T18:41:56.311Z", "user": 1, "content_type": 15, "object_id": "23", "object_repr": "218502965717441B9205CA6C00F146E0", "action_flag": 3, "change_message": ""}}, {"model": "admin.logentry", "pk": 113, "fields": {"action_time": "2021-02-18T18:41:56.332Z", "user": 1, "content_type": 15, "object_id": "22", "object_repr": "F7D14F3A0BE6444CBB32A187A59726DC", "action_flag": 3, "change_message": ""}}, {"model": "admin.logentry", "pk": 114, "fields": {"action_time": "2021-02-18T18:41:56.353Z", "user": 1, "content_type": 15, "object_id": "21", "object_repr": "9FC17545FC51425E885801EEF55E5A0B", "action_flag": 3, "change_message": ""}}, {"model": "admin.logentry", "pk": 115, "fields": {"action_time": "2021-02-18T18:41:56.375Z", "user": 1, "content_type": 15, "object_id": "20", "object_repr": "CFD6867D8175492B868AB88E6C97B868", "action_flag": 3, "change_message": ""}}, {"model": "admin.logentry", "pk": 116, "fields": {"action_time": "2021-02-18T18:41:56.396Z", "user": 1, "content_type": 15, "object_id": "19", "object_repr": "066C435AAB06467385A6F8D51929D47D", "action_flag": 3, "change_message": ""}}, {"model": "admin.logentry", "pk": 117, "fields": {"action_time": "2021-02-18T18:41:56.418Z", "user": 1, "content_type": 15, "object_id": "18", "object_repr": "7A8783CAF2384F87B32BB3EC05291A53", "action_flag": 3, "change_message": ""}}, {"model": "admin.logentry", "pk": 118, "fields": {"action_time": "2021-02-18T18:41:56.440Z", "user": 1, "content_type": 15, "object_id": "17", "object_repr": "F917824C5B7F4757958C06F2AED0E752", "action_flag": 3, "change_message": ""}}, {"model": "admin.logentry", "pk": 119, "fields": {"action_time": "2021-02-18T18:41:56.469Z", "user": 1, "content_type": 15, "object_id": "16", "object_repr": "42C4F62DC17E4560ABDA3DBB5AF6649F", "action_flag": 3, "change_message": ""}}, {"model": "admin.logentry", "pk": 120, "fields": {"action_time": "2021-02-18T18:41:56.494Z", "user": 1, "content_type": 15, "object_id": "15", "object_repr": "4266B9B28C91449A8CFD669435EFB0DC", "action_flag": 3, "change_message": ""}}, {"model": "admin.logentry", "pk": 121, "fields": {"action_time": "2021-02-18T18:41:56.516Z", "user": 1, "content_type": 15, "object_id": "14", "object_repr": "45F6F152B2344366AC6D283CF30DB3BE", "action_flag": 3, "change_message": ""}}, {"model": "admin.logentry", "pk": 122, "fields": {"action_time": "2021-02-18T18:41:56.539Z", "user": 1, "content_type": 15, "object_id": "13", "object_repr": "8B28BCC538984D7C91DEA71F6A6B6168", "action_flag": 3, "change_message": ""}}, {"model": "admin.logentry", "pk": 123, "fields": {"action_time": "2021-02-18T18:41:56.564Z", "user": 1, "content_type": 15, "object_id": "12", "object_repr": "E5AFF6F9D1454728A509EBF730A15C75", "action_flag": 3, "change_message": ""}}, {"model": "admin.logentry", "pk": 124, "fields": {"action_time": "2021-02-18T18:41:56.585Z", "user": 1, "content_type": 15, "object_id": "11", "object_repr": "A8EDFB8952E14E71A6C0041596D1A917", "action_flag": 3, "change_message": ""}}, {"model": "admin.logentry", "pk": 125, "fields": {"action_time": "2021-02-18T18:41:56.606Z", "user": 1, "content_type": 15, "object_id": "10", "object_repr": "0E29C51589AD4551B55B983F903F377B", "action_flag": 3, "change_message": ""}}, {"model": "admin.logentry", "pk": 126, "fields": {"action_time": "2021-02-18T18:41:56.627Z", "user": 1, "content_type": 15, "object_id": "9", "object_repr": "583281D4CC9F48AFB8D1A70211493422", "action_flag": 3, "change_message": ""}}, {"model": "admin.logentry", "pk": 127, "fields": {"action_time": "2021-02-18T18:41:56.648Z", "user": 1, "content_type": 15, "object_id": "8", "object_repr": "CEC67662EE5349948A67550EB3331877", "action_flag": 3, "change_message": ""}}, {"model": "admin.logentry", "pk": 128, "fields": {"action_time": "2021-02-18T18:41:56.669Z", "user": 1, "content_type": 15, "object_id": "7", "object_repr": "C46E7B8940794FC9A537E8DA0FF4723F", "action_flag": 3, "change_message": ""}}, {"model": "admin.logentry", "pk": 129, "fields": {"action_time": "2021-02-18T18:41:56.690Z", "user": 1, "content_type": 15, "object_id": "6", "object_repr": "62594681C7124350B2382D5DD3684E29", "action_flag": 3, "change_message": ""}}, {"model": "admin.logentry", "pk": 130, "fields": {"action_time": "2021-02-18T18:41:56.711Z", "user": 1, "content_type": 15, "object_id": "5", "object_repr": "9AFCC33D012549309165E6193A2B2B67", "action_flag": 3, "change_message": ""}}, {"model": "admin.logentry", "pk": 131, "fields": {"action_time": "2021-02-18T18:41:56.732Z", "user": 1, "content_type": 15, "object_id": "4", "object_repr": "3C8F02378D1D4FA9B59535A36EF7B1DF", "action_flag": 3, "change_message": ""}}, {"model": "admin.logentry", "pk": 132, "fields": {"action_time": "2021-02-18T18:41:56.753Z", "user": 1, "content_type": 15, "object_id": "3", "object_repr": "F5E23103FE0B4C68BF9970ED86D31813", "action_flag": 3, "change_message": ""}}, {"model": "admin.logentry", "pk": 133, "fields": {"action_time": "2021-02-18T18:41:56.774Z", "user": 1, "content_type": 15, "object_id": "2", "object_repr": "FE4B39C265004DD681E31281DFED259B", "action_flag": 3, "change_message": ""}}, {"model": "auth.permission", "pk": 1, "fields": {"name": "Can add log entry", "content_type": 1, "codename": "add_logentry"}}, {"model": "auth.permission", "pk": 2, "fields": {"name": "Can change log entry", "content_type": 1, "codename": "change_logentry"}}, {"model": "auth.permission", "pk": 3, "fields": {"name": "Can delete log entry", "content_type": 1, "codename": "delete_logentry"}}, {"model": "auth.permission", "pk": 4, "fields": {"name": "Can view log entry", "content_type": 1, "codename": "view_logentry"}}, {"model": "auth.permission", "pk": 5, "fields": {"name": "Can add permission", "content_type": 2, "codename": "add_permission"}}, {"model": "auth.permission", "pk": 6, "fields": {"name": "Can change permission", "content_type": 2, "codename": "change_permission"}}, {"model": "auth.permission", "pk": 7, "fields": {"name": "Can delete permission", "content_type": 2, "codename": "delete_permission"}}, {"model": "auth.permission", "pk": 8, "fields": {"name": "Can view permission", "content_type": 2, "codename": "view_permission"}}, {"model": "auth.permission", "pk": 9, "fields": {"name": "Can add group", "content_type": 3, "codename": "add_group"}}, {"model": "auth.permission", "pk": 10, "fields": {"name": "Can change group", "content_type": 3, "codename": "change_group"}}, {"model": "auth.permission", "pk": 11, "fields": {"name": "Can delete group", "content_type": 3, "codename": "delete_group"}}, {"model": "auth.permission", "pk": 12, "fields": {"name": "Can view group", "content_type": 3, "codename": "view_group"}}, {"model": "auth.permission", "pk": 13, "fields": {"name": "Can add user", "content_type": 4, "codename": "add_user"}}, {"model": "auth.permission", "pk": 14, "fields": {"name": "Can change user", "content_type": 4, "codename": "change_user"}}, {"model": "auth.permission", "pk": 15, "fields": {"name": "Can delete user", "content_type": 4, "codename": "delete_user"}}, {"model": "auth.permission", "pk": 16, "fields": {"name": "Can view user", "content_type": 4, "codename": "view_user"}}, {"model": "auth.permission", "pk": 17, "fields": {"name": "Can add content type", "content_type": 5, "codename": "add_contenttype"}}, {"model": "auth.permission", "pk": 18, "fields": {"name": "Can change content type", "content_type": 5, "codename": "change_contenttype"}}, {"model": "auth.permission", "pk": 19, "fields": {"name": "Can delete content type", "content_type": 5, "codename": "delete_contenttype"}}, {"model": "auth.permission", "pk": 20, "fields": {"name": "Can view content type", "content_type": 5, "codename": "view_contenttype"}}, {"model": "auth.permission", "pk": 21, "fields": {"name": "Can add session", "content_type": 6, "codename": "add_session"}}, {"model": "auth.permission", "pk": 22, "fields": {"name": "Can change session", "content_type": 6, "codename": "change_session"}}, {"model": "auth.permission", "pk": 23, "fields": {"name": "Can delete session", "content_type": 6, "codename": "delete_session"}}, {"model": "auth.permission", "pk": 24, "fields": {"name": "Can view session", "content_type": 6, "codename": "view_session"}}, {"model": "auth.permission", "pk": 25, "fields": {"name": "Can add site", "content_type": 7, "codename": "add_site"}}, {"model": "auth.permission", "pk": 26, "fields": {"name": "Can change site", "content_type": 7, "codename": "change_site"}}, {"model": "auth.permission", "pk": 27, "fields": {"name": "Can delete site", "content_type": 7, "codename": "delete_site"}}, {"model": "auth.permission", "pk": 28, "fields": {"name": "Can view site", "content_type": 7, "codename": "view_site"}}, {"model": "auth.permission", "pk": 29, "fields": {"name": "Can add email address", "content_type": 8, "codename": "add_emailaddress"}}, {"model": "auth.permission", "pk": 30, "fields": {"name": "Can change email address", "content_type": 8, "codename": "change_emailaddress"}}, {"model": "auth.permission", "pk": 31, "fields": {"name": "Can delete email address", "content_type": 8, "codename": "delete_emailaddress"}}, {"model": "auth.permission", "pk": 32, "fields": {"name": "Can view email address", "content_type": 8, "codename": "view_emailaddress"}}, {"model": "auth.permission", "pk": 33, "fields": {"name": "Can add email confirmation", "content_type": 9, "codename": "add_emailconfirmation"}}, {"model": "auth.permission", "pk": 34, "fields": {"name": "Can change email confirmation", "content_type": 9, "codename": "change_emailconfirmation"}}, {"model": "auth.permission", "pk": 35, "fields": {"name": "Can delete email confirmation", "content_type": 9, "codename": "delete_emailconfirmation"}}, {"model": "auth.permission", "pk": 36, "fields": {"name": "Can view email confirmation", "content_type": 9, "codename": "view_emailconfirmation"}}, {"model": "auth.permission", "pk": 37, "fields": {"name": "Can add social account", "content_type": 10, "codename": "add_socialaccount"}}, {"model": "auth.permission", "pk": 38, "fields": {"name": "Can change social account", "content_type": 10, "codename": "change_socialaccount"}}, {"model": "auth.permission", "pk": 39, "fields": {"name": "Can delete social account", "content_type": 10, "codename": "delete_socialaccount"}}, {"model": "auth.permission", "pk": 40, "fields": {"name": "Can view social account", "content_type": 10, "codename": "view_socialaccount"}}, {"model": "auth.permission", "pk": 41, "fields": {"name": "Can add social application", "content_type": 11, "codename": "add_socialapp"}}, {"model": "auth.permission", "pk": 42, "fields": {"name": "Can change social application", "content_type": 11, "codename": "change_socialapp"}}, {"model": "auth.permission", "pk": 43, "fields": {"name": "Can delete social application", "content_type": 11, "codename": "delete_socialapp"}}, {"model": "auth.permission", "pk": 44, "fields": {"name": "Can view social application", "content_type": 11, "codename": "view_socialapp"}}, {"model": "auth.permission", "pk": 45, "fields": {"name": "Can add social application token", "content_type": 12, "codename": "add_socialtoken"}}, {"model": "auth.permission", "pk": 46, "fields": {"name": "Can change social application token", "content_type": 12, "codename": "change_socialtoken"}}, {"model": "auth.permission", "pk": 47, "fields": {"name": "Can delete social application token", "content_type": 12, "codename": "delete_socialtoken"}}, {"model": "auth.permission", "pk": 48, "fields": {"name": "Can view social application token", "content_type": 12, "codename": "view_socialtoken"}}, {"model": "auth.permission", "pk": 49, "fields": {"name": "Can add category", "content_type": 13, "codename": "add_category"}}, {"model": "auth.permission", "pk": 50, "fields": {"name": "Can change category", "content_type": 13, "codename": "change_category"}}, {"model": "auth.permission", "pk": 51, "fields": {"name": "Can delete category", "content_type": 13, "codename": "delete_category"}}, {"model": "auth.permission", "pk": 52, "fields": {"name": "Can view category", "content_type": 13, "codename": "view_category"}}, {"model": "auth.permission", "pk": 53, "fields": {"name": "Can add product", "content_type": 14, "codename": "add_product"}}, {"model": "auth.permission", "pk": 54, "fields": {"name": "Can change product", "content_type": 14, "codename": "change_product"}}, {"model": "auth.permission", "pk": 55, "fields": {"name": "Can delete product", "content_type": 14, "codename": "delete_product"}}, {"model": "auth.permission", "pk": 56, "fields": {"name": "Can view product", "content_type": 14, "codename": "view_product"}}, {"model": "auth.permission", "pk": 57, "fields": {"name": "Can add order", "content_type": 15, "codename": "add_order"}}, {"model": "auth.permission", "pk": 58, "fields": {"name": "Can change order", "content_type": 15, "codename": "change_order"}}, {"model": "auth.permission", "pk": 59, "fields": {"name": "Can delete order", "content_type": 15, "codename": "delete_order"}}, {"model": "auth.permission", "pk": 60, "fields": {"name": "Can view order", "content_type": 15, "codename": "view_order"}}, {"model": "auth.permission", "pk": 61, "fields": {"name": "Can add order line item", "content_type": 16, "codename": "add_orderlineitem"}}, {"model": "auth.permission", "pk": 62, "fields": {"name": "Can change order line item", "content_type": 16, "codename": "change_orderlineitem"}}, {"model": "auth.permission", "pk": 63, "fields": {"name": "Can delete order line item", "content_type": 16, "codename": "delete_orderlineitem"}}, {"model": "auth.permission", "pk": 64, "fields": {"name": "Can view order line item", "content_type": 16, "codename": "view_orderlineitem"}}, {"model": "auth.permission", "pk": 65, "fields": {"name": "Can add user profile", "content_type": 17, "codename": "add_userprofile"}}, {"model": "auth.permission", "pk": 66, "fields": {"name": "Can change user profile", "content_type": 17, "codename": "change_userprofile"}}, {"model": "auth.permission", "pk": 67, "fields": {"name": "Can delete user profile", "content_type": 17, "codename": "delete_userprofile"}}, {"model": "auth.permission", "pk": 68, "fields": {"name": "Can view user profile", "content_type": 17, "codename": "view_userprofile"}}, {"model": "auth.permission", "pk": 69, "fields": {"name": "Can add address", "content_type": 18, "codename": "add_address"}}, {"model": "auth.permission", "pk": 70, "fields": {"name": "Can change address", "content_type": 18, "codename": "change_address"}}, {"model": "auth.permission", "pk": 71, "fields": {"name": "Can delete address", "content_type": 18, "codename": "delete_address"}}, {"model": "auth.permission", "pk": 72, "fields": {"name": "Can view address", "content_type": 18, "codename": "view_address"}}, {"model": "auth.permission", "pk": 73, "fields": {"name": "Can add region", "content_type": 19, "codename": "add_region"}}, {"model": "auth.permission", "pk": 74, "fields": {"name": "Can change region", "content_type": 19, "codename": "change_region"}}, {"model": "auth.permission", "pk": 75, "fields": {"name": "Can delete region", "content_type": 19, "codename": "delete_region"}}, {"model": "auth.permission", "pk": 76, "fields": {"name": "Can view region", "content_type": 19, "codename": "view_region"}}, {"model": "auth.permission", "pk": 77, "fields": {"name": "Can add region country", "content_type": 20, "codename": "add_regioncountry"}}, {"model": "auth.permission", "pk": 78, "fields": {"name": "Can change region country", "content_type": 20, "codename": "change_regioncountry"}}, {"model": "auth.permission", "pk": 79, "fields": {"name": "Can delete region country", "content_type": 20, "codename": "delete_regioncountry"}}, {"model": "auth.permission", "pk": 80, "fields": {"name": "Can view region country", "content_type": 20, "codename": "view_regioncountry"}}, {"model": "auth.permission", "pk": 81, "fields": {"name": "Can add region country", "content_type": 21, "codename": "add_regioncountry"}}, {"model": "auth.permission", "pk": 82, "fields": {"name": "Can change region country", "content_type": 21, "codename": "change_regioncountry"}}, {"model": "auth.permission", "pk": 83, "fields": {"name": "Can delete region country", "content_type": 21, "codename": "delete_regioncountry"}}, {"model": "auth.permission", "pk": 84, "fields": {"name": "Can view region country", "content_type": 21, "codename": "view_regioncountry"}}, {"model": "auth.user", "pk": 1, "fields": {"password": "pbkdf2_sha256$216000$eBcjPZeazlt2$FpdSGkMcdTNsiR2i9at/P8iUBdMIYEaMc5hLK3u/K04=", "last_login": "2021-02-25T17:18:26.735Z", "is_superuser": true, "username": "hpadmin", "first_name": "", "last_name": "", "email": "hughwiliampadmore@gmail.com", "is_staff": true, "is_active": true, "date_joined": "2020-11-08T14:28:27.017Z", "groups": [], "user_permissions": []}}, {"model": "auth.user", "pk": 2, "fields": {"password": "pbkdf2_sha256$216000$9pqlnXHkDLQt$eXFY4GHJJ7DSd9iFRQEnMI9W0IDGczn7RRiK2mvf23Y=", "last_login": "2020-11-29T17:05:12.354Z", "is_superuser": false, "username": "test", "first_name": "", "last_name": "", "email": "test@test.com", "is_staff": false, "is_active": true, "date_joined": "2020-11-29T17:03:45.985Z", "groups": [], "user_permissions": []}}, {"model": "auth.user", "pk": 3, "fields": {"password": "pbkdf2_sha256$216000$snb5DQrzJRNN$sRxtENrttXXS1/7CbeNOgiUBfUAq/K5behOT3Ne8bLk=", "last_login": "2021-02-13T16:17:30.783Z", "is_superuser": false, "username": "Mrhugh", "first_name": "", "last_name": "", "email": "hughwiliampadmore@hotmail.co.uk", "is_staff": false, "is_active": true, "date_joined": "2020-12-30T17:16:17.825Z", "groups": [], "user_permissions": []}}, {"model": "contenttypes.contenttype", "pk": 1, "fields": {"app_label": "admin", "model": "logentry"}}, {"model": "contenttypes.contenttype", "pk": 2, "fields": {"app_label": "auth", "model": "permission"}}, {"model": "contenttypes.contenttype", "pk": 3, "fields": {"app_label": "auth", "model": "group"}}, {"model": "contenttypes.contenttype", "pk": 4, "fields": {"app_label": "auth", "model": "user"}}, {"model": "contenttypes.contenttype", "pk": 5, "fields": {"app_label": "contenttypes", "model": "contenttype"}}, {"model": "contenttypes.contenttype", "pk": 6, "fields": {"app_label": "sessions", "model": "session"}}, {"model": "contenttypes.contenttype", "pk": 7, "fields": {"app_label": "sites", "model": "site"}}, {"model": "contenttypes.contenttype", "pk": 8, "fields": {"app_label": "account", "model": "emailaddress"}}, {"model": "contenttypes.contenttype", "pk": 9, "fields": {"app_label": "account", "model": "emailconfirmation"}}, {"model": "contenttypes.contenttype", "pk": 10, "fields": {"app_label": "socialaccount", "model": "socialaccount"}}, {"model": "contenttypes.contenttype", "pk": 11, "fields": {"app_label": "socialaccount", "model": "socialapp"}}, {"model": "contenttypes.contenttype", "pk": 12, "fields": {"app_label": "socialaccount", "model": "socialtoken"}}, {"model": "contenttypes.contenttype", "pk": 13, "fields": {"app_label": "products", "model": "category"}}, {"model": "contenttypes.contenttype", "pk": 14, "fields": {"app_label": "products", "model": "product"}}, {"model": "contenttypes.contenttype", "pk": 15, "fields": {"app_label": "checkout", "model": "order"}}, {"model": "contenttypes.contenttype", "pk": 16, "fields": {"app_label": "checkout", "model": "orderlineitem"}}, {"model": "contenttypes.contenttype", "pk": 17, "fields": {"app_label": "profiles", "model": "userprofile"}}, {"model": "contenttypes.contenttype", "pk": 18, "fields": {"app_label": "profiles", "model": "address"}}, {"model": "contenttypes.contenttype", "pk": 19, "fields": {"app_label": "world_regions", "model": "region"}}, {"model": "contenttypes.contenttype", "pk": 20, "fields": {"app_label": "world_regions", "model": "regioncountry"}}, {"model": "contenttypes.contenttype", "pk": 21, "fields": {"app_label": "checkout", "model": "regioncountry"}}, {"model": "sessions.session", "pk": "60dftj3n5wstvvkae6rmy70dkm41u3tc", "fields": {"session_data": ".eJxVjEEOwiAQRe_C2pAZoKW4dO8ZyMBMpWpoUtqV8e7apAvd_vfef6lI21ri1mSJE6uzQnX63RLlh9Qd8J3qbdZ5rusyJb0r-qBNX2eW5-Vw_w4KtfKtu54NgEvicbRDEE5M1vWIgGAok3iw4EZvEg7SucCBGAhz3yUR64N6fwDVjDe3:1lEG3P:hKdvY3OmTctGPoaImUM8NF6igLDgUry9iBYtXD-Kh8Y", "expire_date": "2021-03-08T18:35:31.971Z"}}, {"model": "sessions.session", "pk": "6ps9ely765vpfopnpgdqwnar19lrhoy0", "fields": {"session_data": "e30:1kj2mG:weBSYNuElEYsFxyBwOSnXPwyxDtuXGYf-RVXZsWScTg", "expire_date": "2020-12-12T16:08:48.732Z"}}, {"model": "sessions.session", "pk": "7b405wm43ghxy5vcxxkiki6tn15ks6gy", "fields": {"session_data": ".eJxVjEEOwiAQRe_C2pCh0FK6dO8ZyMBMLWrAlDbRGO-uTbrQ7X_vv5fwuC6TXyvPPpEYhBKH3y1gvHLeAF0wn4uMJS9zCnJT5E6rPBXi23F3_wIT1un7bjtqAExgq0bdO6ZAqE2nFChoMCJb0GBG2wTVc2scOSRAFbs2MGvrtmjlWlPJnh_3ND_FAO8Pei4-9A:1kxDYK:tA-q_6FRTDWpd_JTVc422qaugG1jQ2ibLbG4nKUmpko", "expire_date": "2021-01-20T18:29:00.616Z"}}, {"model": "sessions.session", "pk": "902ecosix5l9osmzxpzzouv3s5c7t3d4", "fields": {"session_data": ".eJxVjEEOgjAQRe8ya9NMaaGUpXvP0Ew7g6CmTSi4Md5dSdiw_e-9_4FKbwlzHgsM67LJBQJt6xS2KkuYGQbQcNoipafkHfCD8r2oVPK6zFHtijpoVbfC8roe7ulgojr967bjBtFGcXo0vReOTMZ2WqPGhhKJQ4N2dE3UvbTWsydG0qlro4hxHr4_Ka092w:1lG1L4:FyfT4ChU51MDdTXnbTT9zILW2UfAstZr6s90vN3E1bc", "expire_date": "2021-03-13T15:17:02.430Z"}}, {"model": "sessions.session", "pk": "awtjn06u9jhvotocpskqqxj666d3i753", "fields": {"session_data": ".eJxVjEEOwiAQRe_C2pCh0FK6dO8ZyMBMLWrAlDbRGO-uTbrQ7X_vv5fwuC6TXyvPPpEYhBKH3y1gvHLeAF0wn4uMJS9zCnJT5E6rPBXi23F3_wIT1un7bjtqAExgq0bdO6ZAqE2nFChoMCJb0GBG2wTVc2scOSRAFbs2MGvrtmjlWlPJnh_3ND_FAO8Pei4-9A:1kxXqV:DeEIqJLUaMIDPjq_hQKXL_ysbX9zmkd2eopSqWNRJxo", "expire_date": "2021-01-21T16:09:07.480Z"}}, {"model": "sessions.session", "pk": "bujcuwaiydxwkk9rp1mr0oz7zs2nbsot", "fields": {"session_data": "eyJfbWVzc2FnZXMiOiJbW1wiX19qc29uX21lc3NhZ2VcIiwwLDQwLFwiVGhlcmUncyBub3RoaW5nIGluIHlvdXIgYmFnIGF0IHRoZSBtb21lbnRcIl1dIn0:1kvjCq:Y-r7dCWZWlV_hjxvqZfnRdyw5LZxV0EUdYYLT3fQ-KU", "expire_date": "2021-01-16T15:52:40.804Z"}}, {"model": "sessions.session", "pk": "g6ghzrnwn9mggxte9ffsx1accq30kvpn", "fields": {"session_data": ".eJxVjMEOgyAQBf9lz4aAIgjH3vsNZIFFbRtIRHsx_ntr4sXrm5m3Q8UvuTmnAjbhp1IDHkewOyiwsgENVhwNONzWyW2VFjdHsCDgtnkMb8oniC_MY2Gh5HWZPTsVdtHKniXS53G5t4MJ6_SvexVbzqUnLVI3GIo-YieVEFzwFgOS5h2XSbdeDNRLEw1GjiKo3hN12sDxA0y0Quw:1lDtDX:Zoqjd-B5_Sk4_cauWsxaAnw3dw3L9SF4rezVf3MFw6U", "expire_date": "2021-03-07T18:12:27.172Z"}}, {"model": "sessions.session", "pk": "ibg5rzases7toyaiiqeswph84o8yenxh", "fields": {"session_data": ".eJxVjMEOgyAQBf9lz8aAIijH3vsNZJFFaQ00ok0b47-3Jh7a65t5s4HBdRnNmmk2wYEGDsXvZrG_UzyAu2EcUtmnuMzBlodSnjSX1-RoupzuX2DEPH7fjXQVY8KS4r5uO3LWYS0k54yzCnskxWomvKosb6kRnevQMeS9bCxRrbojminnkKKh1yPMb9CsgIxPMiH6BNrjlKkAiwPoDSRovu8fA3pJFA:1kvjCh:qqVBDIbTdt0sMijq83yEse42-m5ui5nKYGG3ZJiio9U", "expire_date": "2021-01-16T15:52:31.564Z"}}, {"model": "sessions.session", "pk": "pk7wgeqe560np7d60mpiagjkvs0ybfn3", "fields": {"session_data": ".eJxVjMEOwiAQBf-Fc0OWQkvp0bvfQBbYWtSAgdZojP-uTXrQ65t582IW12W2a6ViY2AjE6z53Rz6C6UNhDOmU-Y-p6VExzeF77TyYw50PezuX2DGOn_fXR9aAOVIi0kOhoILKFUvBAho0SNpkKAm3ToxUKdMMBgAhe87RyS12aKVao05WXrcYnmyERpW8U42pimzcSkrvT_a70UY:1kufB4:xkVXpLB-MP1pRtNhRX1oDBT16nT4ZaFwmNYq8St6fLo", "expire_date": "2021-01-13T17:22:26.949Z"}}, {"model": "sessions.session", "pk": "ps6znn65t6ihcukq3yio5ac1qwksgh2v", "fields": {"session_data": ".eJxVjEEOwiAQRe_C2pCh0FK6dO8ZyMBMLWrAlDbRGO-uTbrQ7X_vv5fwuC6TXyvPPpEYhBKH3y1gvHLeAF0wn4uMJS9zCnJT5E6rPBXi23F3_wIT1un7bjtqAExgq0bdO6ZAqE2nFChoMCJb0GBG2wTVc2scOSRAFbs2MGvrtmjlWlPJnh_3ND_FAO8Pei4-9A:1l726F:gBPfPWC-qUh8ETqnUTNSqY_IfL_ejI3zzlJNRe7uBKg", "expire_date": "2021-02-16T20:16:35.846Z"}}, {"model": "sessions.session", "pk": "sqltq0wsc62ry6spzg2tdf345b17vprg", "fields": {"session_data": "e30:1kj2lt:oAzH6zzozDMMelWezEOAidJTOZL79fi1aXs4JKcIWbM", "expire_date": "2020-12-12T16:08:25.095Z"}}, {"model": "sessions.session", "pk": "tm7baj5pnieaeuygchk7o572na5e1boy", "fields": {"session_data": ".eJxVjEEOwiAQRe_C2pCh0FK6dO8ZyMBMLWrAlDbRGO-uTbrQ7X_vv5fwuC6TXyvPPpEYhBKH3y1gvHLeAF0wn4uMJS9zCnJT5E6rPBXi23F3_wIT1un7bjtqAExgq0bdO6ZAqE2nFChoMCJb0GBG2wTVc2scOSRAFbs2MGvrtmjlWlPJnh_3ND_FAO8Pei4-9A:1kjQA7:p2K9FdI5ygE-rlcKz2RLgO1fPOn_psLRqwxJXbqbRrg", "expire_date": "2020-12-13T17:06:59.884Z"}}, {"model": "sessions.session", "pk": "w9x2ovhsajuqjbvhnxuq4c94ksv8bd4v", "fields": {"session_data": ".eJxVjEEOwiAQRe_C2pCh0FK6dO8ZyMBMLWrAlDbRGO-uTbrQ7X_vv5fwuC6TXyvPPpEYhBKH3y1gvHLeAF0wn4uMJS9zCnJT5E6rPBXi23F3_wIT1un7bjtqAExgq0bdO6ZAqE2nFChoMCJb0GBG2wTVc2scOSRAFbs2MGvrtmjlWlPJnh_3ND_FAO8Pei4-9A:1l0o8M:7ZZiLJujSwoLW40JrSbbKmwAWna6RRVa43Zj6fZ8EA8", "expire_date": "2021-01-30T16:09:02.722Z"}}, {"model": "sessions.session", "pk": "zoh2gofw5a73xya6p0srs6ofp27gh64k", "fields": {"session_data": ".eJxVjEEOwiAQRe_C2pCh0FK6dO8ZyMBMLWrAlDbRGO-uTbrQ7X_vv5fwuC6TXyvPPpEYhBKH3y1gvHLeAF0wn4uMJS9zCnJT5E6rPBXi23F3_wIT1un7bjtqAExgq0bdO6ZAqE2nFChoMCJb0GBG2wTVc2scOSRAFbs2MGvrtmjlWlPJnh_3ND_FAO8Pei4-9A:1kv1Uf:wyMqwOiyw0XP9MMG7wisSbML-0XSd4WKX23YbQGLj0g", "expire_date": "2021-01-14T17:12:09.935Z"}}, {"model": "sites.site", "pk": 1, "fields": {"domain": "heavenlyherbcompany.com", "name": "Heavenly Herb Company"}}, {"model": "account.emailaddress", "pk": 1, "fields": {"user": 1, "email": "hughwiliampadmore@gmail.com", "verified": true, "primary": true}}, {"model": "account.emailaddress", "pk": 2, "fields": {"user": 2, "email": "test@test.com", "verified": true, "primary": true}}, {"model": "account.emailaddress", "pk": 3, "fields": {"user": 3, "email": "hughwiliampadmore@hotmail.co.uk", "verified": true, "primary": true}}, {"model": "products.category", "pk": 1, "fields": {"name": "hedgrow-syrups", "friendly_name": "Hedgerow Syrups"}}, {"model": "products.category", "pk": 2, "fields": {"name": "natural-fragrances", "friendly_name": "Natural Fragrances"}}, {"model": "products.category", "pk": 3, "fields": {"name": "creams-and-ointments", "friendly_name": "Creams and Ointments"}}, {"model": "products.category", "pk": 4, "fields": {"name": "herbal-teas", "friendly_name": "Herbal Teas"}}, {"model": "products.category", "pk": 5, "fields": {"name": "tinctures-powders-pastes", "friendly_name": "Tinctures, Powders and Pastes"}}, {"model": "products.product", "pk": 5, "fields": {"category": 2, "name": "Amber Patchouli and Lavender Fragrance 50ml", "sku": "NF-APLF50", "description": "This warm, earthy, sensual fragrance is popular with both male and female customers. Prepared from from herbal resins, oils and other natural plant extracts, it includes rock rose, patchouli bark, benzoin and tonka beans. It has taken a long time to perfect the recipe for this fragrance and we feel really happy with it. We are currently working on our new one... watch this space!", "directions": "Spray freely onto skin and clothing as desired.  The fragrance is flammable so please avoid naked flames .", "ingredients": "Natural herbal resins, gums, oils and other extracts (including a natural source of coumarin), perfumer's alcohol (ethanol, monopropylene glycol, isopropyl myristate).", "price": "18.00", "image": "APL-fragrance.jpg"}}, {"model": "products.product", "pk": 6, "fields": {"category": 1, "name": "Rosehip Syrup 200ml", "sku": "HS-RS200", "description": "This syrup is prepared from hand-picked wild rosehips, combined with freshly squeezed lemon juice and unrefined sugar. It provides a fantastically rich source of vitamin C. We find it a wonderful tonic for the dark winter months, when our immunity can be lower  and our exposure to the sunshine is reduced.\r\n\r\nRosehip syrup has long been used  to help the body deal with  infections and to maintain health and vitality.", "directions": "The syrup can be taken straight off the spoon or  added to hot water to make a warming drink. It is also delicious poured on porridge or ice cream for a treat.\r\n\r\nWe recommend 10ml each day during the winter, and double this dose when feeling ill or run down.", "ingredients": "rosehips, sugar, lemon juice", "price": "6.50", "image": "rosehip-syrup_06d4evu.jpg"}}, {"model": "products.product", "pk": 7, "fields": {"category": 1, "name": "Elderberry Syrup 200ml", "sku": "HS-ES200", "description": "This warming, fruity syrup is made to a traditional recipe containing wild elderberries, grated ginger root and freshly squeezed lemon juice.  Elderberries have a wonderful reputation for boosting immunity and helping with coughs, colds, flu and chest infections.", "directions": "Best taken as a hot drink, but also delicious drizzled on porridge or ice cream! We would recommend 10ml taken 2 - 3 times daily if you have symptoms of a cold, flu or chest infection or 10ml once daily for general winter support.", "ingredients": "Elderberries, sugar, lemon juice.", "price": "6.50", "image": "Elderberry_Syrup.jpg"}}, {"model": "products.product", "pk": 8, "fields": {"category": 3, "name": "Muscle and Joint Cream 60ml", "sku": "CO-MJC60", "description": "Our muscle and joint cream contains a warming blend of herbal extracts traditionally used to help ease pain, stiffness and  inflammation in the  joints and  muscles. The cream base is  simple, vegan and organic.  We have found that the cream benefits people with arthritis, rheumatism , sprains, bruising and general stiffness in the joints.", "directions": "Massage into affected areas 2- 3 times daily. N.B. As the cream contains capsicum it is important to avoid the eyes and to wash the hands after applying.", "ingredients": "ginger, wintergreen, capsicum minimum, camphor, cinnamon, water, emulsifying wax, stearyl alcohol, coconut oil, cocoa butter, tween, vitamin E, glycerine", "price": "11.00", "image": "MJ-cream.jpg"}}, {"model": "products.product", "pk": 9, "fields": {"category": 3, "name": "Midge and Mosquito Repellent 60ml", "sku": "C0-MMR60", "description": "Our midge and mosquito repellant  has evolved over many years of trial and error. Loyal customers now choose this over anything else, in the knowledge that it not only helps to deter midges and mosquitos, but also contains no irritating and potentially harmful chemicals. The cream contains a blend of herbal extracts  including bog myrtle, eucalyptus, citronella and rosemary", "directions": "Apply  to  exposed areas as needed, avoiding the eyes. We recommend applying to a small area of skin initially to ensure you are not sensitive to any of the oils.", "ingredients": "bog myrtle extract, eucalyptus oil, citronella oil, rosemary oil, water, emulsifying wax, stearyl alcohol, coconut oil, cocoa butter, tween, vitamin E, glycerine", "price": "11.00", "image": "mmr-cream.jpg"}}, {"model": "products.product", "pk": 10, "fields": {"category": 3, "name": "Neroli Face and Body Cream 60ml", "sku": "CO-NFBC60", "description": "A naturally fragranced, luxurious, organic and vegan face cream with aloe vera, geranium, witch hazel, neroli, and lavender. Ideal for normal to dry skin, this is one of our most popular products.", "directions": "Massage gently onto face and neck morning and night after thorough cleansing.", "ingredients": "neroli oil, witch hazel water, geranium oil, lavender oil, water, emulsifying wax, stearyl alcohol, coconut oil, cocoa butter, tween, vitamin E, glycerine.", "price": "12.50", "image": "nfbc-cream.jpg"}}, {"model": "products.product", "pk": 11, "fields": {"category": 3, "name": "Frankincense Face Cream 60ml", "sku": "CO-FFC60", "description": "An exotic blend of herbal extracts and oils carefully chosen to nourish and tone normal to combination skin. This popular cream contains extracts  of frankincense, aloe vera, marshmallow root  and calendula flowers.  Loyal customers tell us that they choose this over and above other more expensive creams, because of its pure, natural ingredients and therapeutic qualities. This cream is suitable for vegans.", "directions": "Massage gently onto face and neck morning and night, after thorough cleansing.", "ingredients": "frankincense oil, calendula extract, marshmallow root extract, aloe vera, witch hazel, water, emulsifying wax, stearyl alcohol, coconut oil, cocoa butter, tween, vitamin E, glycerine", "price": "12.50", "image": "ff-cream.jpg"}}, {"model": "products.product", "pk": 12, "fields": {"category": 3, "name": "Herbal Balm 60ml", "sku": "CO-HB60", "description": "This is a  wonderfully healing herbal ointment containing freshly harvested comfrey leaves,  marigold flowers and lavender and is a must for the first aid cabinet.", "directions": "We would highly recommend this ointment for cracked skin (hands, feet, lips), bruising, sprains, minor burns and as a simple barrier ointment to help prevent  nappy rash. Apply as needed - a little goes a long way!", "ingredients": "comfrey leaves (Symphytum officinalis), calendula flowers (Calendula officinalis), lavender flowers (Lavandula officinalis), sunflower oil, beeswax", "price": "10.00", "image": "Herbal_Balm.jpg"}}, {"model": "products.product", "pk": 13, "fields": {"category": 4, "name": "Clarity Blend 50g", "sku": "HT-CB50", "description": "A delicious loose leaf blend of lemon balm, red sage and lemon verbena. Modern research confirms that these  herbs can help  improve memory and enhance mental clarity. This tea makes a refreshing and uplifting brew at any time of day.", "directions": "Place 1 - 2 teaspoons per person in your teapot (you may wish to use an infuser ball or similar). Pour over freshly boiled water and infuse for 5-10 minutes. Pour out, straining if needed,  relax and enjoy!", "ingredients": "sage (Salvia officinalis), lemon balm (Melissa officinalis), lemon verbena (Aloysia citrodora).", "price": "4.50", "image": "cb-tea.jpg"}}, {"model": "products.product", "pk": 14, "fields": {"category": 4, "name": "Serenity Blend 50g", "sku": "HT-SB50", "description": "A soothing, gentle blend of chamomile and lavender flowers. These herbs are traditionally used to calm the nervous system in times of stress, to encourage  restful  sleep and to support good digestion. Lavender is  also used by herbalists to help treat mild depression.\r\n\r\nThis is the  perfect bedtime brew.", "directions": "Place 1 - 2 teaspoons per person in your teapot (you may wish to use an infuser ball or similar). Pour over freshly boiled water and infuse for 5-10 minutes. Pour out, straining if needed, relax and enjoy!", "ingredients": "chamomile flowers (Chamomilla recutita), lavender flowers (Lavandula officinalis).", "price": "4.50", "image": "sb-tea.jpg"}}, {"model": "products.product", "pk": 15, "fields": {"category": 4, "name": "Digestive Blend 50g", "sku": "HT-DB50", "description": "A refreshing, tasty and soothing  tea, containing peppermint, fennel seed and rosemary. These herbs are known to improve digestion and to ease digestive discomfort, bloating and cramps.\r\n\r\nThis tea can be enjoyed after meals to aid digestion or at any time as a gentle digestive tonic.", "directions": "Place 1 - 2 teaspoons per person in your teapot (you may wish to use an infuser ball or similar). Pour over freshly boiled water and infuse for 5-10 minutes. Pour out, straining if needed, relax and enjoy!", "ingredients": "peppermint (Mentha piperita), fennel (Foeniculum vulgare), rosemary (Rosmarinus officinalis).", "price": "4.50", "image": "db-tea.jpg"}}, {"model": "products.product", "pk": 16, "fields": {"category": 5, "name": "Valerian Tincture 50 ml", "sku": "TPP-VT50", "description": "A herbal tincture prepared from organic valerian root. This is a tried and tested  herbal remedy traditionally used to promote restful sleep and  as  a relaxant in times of stress or anxiety. It can also be used  as  a  supportive nerve tonic. Valerian is a native herb that tends to grow in damp areas. The root has a distinctive smell .", "directions": "For adults and children over 12 years, take 20 drops in a little hot water up to 3 times daily.", "ingredients": "organic valerian root (Valeriana officinalis), ethanol and water", "price": "8.00", "image": "valerian-tincture.jpg"}}, {"model": "products.product", "pk": 17, "fields": {"category": 5, "name": "Chest Tincture 50ml", "sku": "TPP-CT50", "description": "These herbs have been chosen and blended by our herbalist. Thyme is used to help clear infections and congested mucous in the lungs. Elderberry is often prescribed by herbalists to improve immune function and to help the body deal with viral and bacterial infections. Marshmallow is a gentle and soothing expectorant, which can also ease tickly coughs.", "directions": "For adults and children over 12 years, take 20 drops in a little hot water up to 3 times daily.", "ingredients": "organic thyme leaf (Thymus officinalis), organic elderberry (Sambucus nigra), organic marshmallow root (Althaea officinalis), water, ethanol.", "price": "8.00", "image": "chest-tincture.jpg"}}, {"model": "products.product", "pk": 18, "fields": {"category": 5, "name": "Echinacea Tincture 50ml", "sku": "TPP-ET50", "description": "Echinacea is traditionally used to support the immune system and is prescribed by herbalists to support the body to deal with with colds, flu,   and many other viral and bacterial  infections. This plant was originally a Native American medicine and is now widely prescribed by herbalists.", "directions": "For adults and children over 12 years (seek guidance from a qualified herbalist for young infants), take 20 drops in a little hot water up to 3 times daily.", "ingredients": "organic echinacea root (Echinacea angustifolia/purpurea), water, ethanol.", "price": "8.00", "image": "echinaccea-tincture.jpg"}}, {"model": "products.product", "pk": 19, "fields": {"category": 5, "name": "Slippery Elm Powder 50g", "sku": "TPP-SEP50", "description": "Slippery elm powder is used by herbalists to ease acid indigestion and inflammation of the digestive tract, and as a nourishing and strengthening remedy during convalescence. This powder is 100% pure and contains none of the additives sometimes found in other brands.", "directions": "A soothing drink can be  prepared by mixing a teaspoon of slippery elm powder in half a mug of boiling water and whisking. When it cools a little, it slightly thickens . Honey can be added , though it has a pleasant taste.  Some people choose to add it to a smoothie, and in this case a teaspoon of powder is added to the other ingredients before blending.", "ingredients": "organic slippery elm powder (Ulmus fulva).", "price": "10.00", "image": "slippery-elm-powder.jpg"}}, {"model": "products.product", "pk": 20, "fields": {"category": 5, "name": "Golden Paste 190ml", "sku": "TPP-GP190", "description": "Turmeric  has traditionally been considered an important medicinal herb with many health benefits. It is increasingly being tested scientifically and much of the research backs up the  traditional uses. \r\n\r\n \r\nSome of the benefits that have been supported in scientific studies   include:\r\n\r\n    Use as an anti-oxidant and anti-inflammatory\r\n    Reduction in joint inflammation\r\n    May play a role in the prevention and treatment of cancer\r\n    Reduction in cholesterol  levels\r\n    May reduce the incidence of Alzheimers disease and other brain diseases,\r\n    Possible benfits in the treatment of mild  depression\r\n\r\n \r\n\r\nContra indications  Turmeric is generally considered safe, however it is best avoided with blood thinning medication and if you have diabetes (as it can lower blood sugar). It may also slightly lower blood pressure.", "directions": "Our Golden Paste is a combination of turmeric , coconut oil and black pepper. It can be used in cooking , mixed with youghurt or added to smoothies, We would suggest an initial dose of 1/2 teaspoon twice daily. Once opened it should be stored in the fridge and will keep for 2 weeks.", "ingredients": "organic turmeric, organic coconut oil, black pepper, water", "price": "10.00", "image": "golden-paste.jpg"}}, {"model": "checkout.order", "pk": 86, "fields": {"order_number": "E6EADCBC37D34FEA98AC42010E336F4F", "user_profile": null, "full_name": "test", "email": "test@test.com", "phone_number": "09876543212", "country": "AM", "postcode": "AF23 432", "town_or_city": "work", "street_address1": "please", "street_address2": "please", "county": "please", "date": "2021-02-25T17:18:05.031Z", "delivery_cost": "25.00", "order_total": "6.50", "grand_total": "31.50", "original_bag": "{\"6\": 1}", "stripe_pid": "pi_1IOnSuAf1PaReHG94ivuN5gS"}}, {"model": "checkout.order", "pk": 87, "fields": {"order_number": "77C1BD98AEE54552AB1581B8B103DF32", "user_profile": null, "full_name": "test", "email": "test@test.com", "phone_number": "09876543212", "country": "AM", "postcode": "AF23 432", "town_or_city": "work", "street_address1": "please", "street_address2": "please", "county": "please", "date": "2021-02-25T17:18:10.724Z", "delivery_cost": "25.00", "order_total": "6.50", "grand_total": "31.50", "original_bag": "{\"6\": 1}", "stripe_pid": "pi_1IOnSuAf1PaReHG94ivuN5gS"}}, {"model": "checkout.order", "pk": 88, "fields": {"order_number": "F6DE74998E444A289C5227D693D247D1", "user_profile": 1, "full_name": "test", "email": "test@test.com", "phone_number": "09876543212", "country": "TR", "postcode": "NE47 0LG", "town_or_city": "test", "street_address1": "test", "street_address2": "test", "county": "test", "date": "2021-02-27T15:17:02.050Z", "delivery_cost": "9.95", "order_total": "6.50", "grand_total": "16.45", "original_bag": "{\"6\": 1}", "stripe_pid": "pi_1IPUWcAf1PaReHG9YSkg9I9S"}}, {"model": "checkout.order", "pk": 89, "fields": {"order_number": "27FAC5AA34754D94BCD569105F22A828", "user_profile": null, "full_name": "test", "email": "test@test.com", "phone_number": "09876543212", "country": "TR", "postcode": "NE47 0LG", "town_or_city": "test", "street_address1": "test", "street_address2": "test", "county": "test", "date": "2021-02-27T15:17:07.400Z", "delivery_cost": "9.95", "order_total": "6.50", "grand_total": "16.45", "original_bag": "{\"6\": 1}", "stripe_pid": "pi_1IPUWcAf1PaReHG9YSkg9I9S"}}, {"model": "checkout.orderlineitem", "pk": 90, "fields": {"order": 86, "product": 6, "quantity": 1, "lineitem_total": "6.50"}}, {"model": "checkout.orderlineitem", "pk": 91, "fields": {"order": 87, "product": 6, "quantity": 1, "lineitem_total": "6.50"}}, {"model": "checkout.orderlineitem", "pk": 92, "fields": {"order": 88, "product": 6, "quantity": 1, "lineitem_total": "6.50"}}, {"model": "checkout.orderlineitem", "pk": 93, "fields": {"order": 89, "product": 6, "quantity": 1, "lineitem_total": "6.50"}}, {"model": "profiles.userprofile", "pk": 1, "fields": {"user": 1, "full_name": "Mr Person", "email": "hughwiliampadmore@gmail.com", "phone_number": "07456324512", "default_phone_number": null, "default_street_address1": "Steel Farm", "default_street_address2": "Steel", "default_country": null, "default_postcode": "NE47 0LG", "default_town_or_city": "Hexham", "default_county": "Northumberland"}}, {"model": "profiles.userprofile", "pk": 2, "fields": {"user": 2, "full_name": "", "email": "", "phone_number": "", "default_phone_number": null, "default_street_address1": null, "default_street_address2": null, "default_country": null, "default_postcode": null, "default_town_or_city": null, "default_county": null}}, {"model": "profiles.userprofile", "pk": 3, "fields": {"user": 3, "full_name": "", "email": "", "phone_number": "", "default_phone_number": null, "default_street_address1": "should", "default_street_address2": "not", "default_country": null, "default_postcode": "address", "default_town_or_city": "find", "default_county": "this"}}, {"model": "profiles.address", "pk": 8, "fields": {"userprofile": 3, "address_number": "608A1948E256428C8A76B0114AD18FF0", "full_name": "", "street_address1": "should", "street_address2": "not", "town_or_city": "find", "county": "this", "country": "", "postcode": "address", "phone_number": ""}}, {"model": "profiles.address", "pk": 11, "fields": {"userprofile": 1, "address_number": "432D4FEB7C494A12927CBF93C001A6A8", "full_name": "Hugh Padmore", "street_address1": "Flat 33", "street_address2": "29 Forge Square", "town_or_city": "London", "county": "London", "country": "GB", "postcode": "E14 3GX", "phone_number": "07873115835"}}, {"model": "profiles.address", "pk": 12, "fields": {"userprofile": 1, "address_number": "96A0D2257C1A4E0DA3EA16E705DEAC44", "full_name": "Hugh Padmore", "street_address1": "Steel Farm", "street_address2": "Steel", "town_or_city": "Hexham", "county": "Northumberland", "country": "GB", "postcode": "NE47 0LG", "phone_number": "07873115835"}}, {"model": "profiles.address", "pk": 13, "fields": {"userprofile": 1, "address_number": "2A2509C5560441B0803712F0999D23CF", "full_name": "test", "street_address1": "test", "street_address2": "test", "town_or_city": "test", "county": "test", "country": "TR", "postcode": "NE47 0LG", "phone_number": "09876543212"}}]